{
  "name": "Villa-Rini",
  "id": "98755661|undefined",
  "type": "custom",
  "source": "google_analytics",
  "dataByBrowser": {
    "ie": {
      "6": 0,
      "7": 0.2862628147063603,
      "8": 0.32151678668198275,
      "9": 2.1754497973880573,
      "10": 1.6175570965345962,
      "11": 19.800285124229486
    },
    "edge": {
      "12": 2.07292090121972,
      "13": 1.4646176911965716,
      "14": 0.00040412746981624646
    },
    "firefox": {
      "2": 0.00022841987424396536,
      "3": 0.001289693751500543,
      "4": 0.0024423355784547068,
      "5": 0.0004287265331963658,
      "6": 0.0012967220553234341,
      "7": 0.0031908499355926237,
      "8": 0.001493514562364389,
      "9": 0.006241133794727423,
      "10": 0.002987029124728778,
      "11": 0.007650308711217116,
      "12": 0.017570759557228106,
      "13": 0.0041994115341775174,
      "14": 0.0004603539003993763,
      "15": 0.009393328059294144,
      "16": 0.014720782357045705,
      "17": 0.01871988723227082,
      "18": 0.0020136090452583404,
      "19": 0.002445849730366152,
      "20": 0.012910994122651212,
      "21": 0.008799436386259834,
      "22": 0.009203563856076081,
      "23": 0.012306559993882565,
      "24": 0.015901537399291434,
      "25": 0.011157432318839845,
      "26": 0.021858024889191762,
      "27": 0.004083444521099811,
      "28": 0.014755923876160162,
      "29": 0.03209474940723286,
      "30": 0.030485267831790765,
      "31": 0.08590695762719965,
      "32": 0.016021018564280586,
      "33": 0.0365506940309459,
      "34": 0.028324064406251705,
      "35": 0.05067055641113441,
      "36": 0.04092229900878425,
      "37": 0.06775636300458301,
      "38": 0.2843054320916851,
      "39": 1.6334691763896223,
      "40": 1.8776500219564212,
      "41": 1.572147225534896,
      "42": 1.7403907624472668,
      "43": 2.0948070393242033,
      "44": 1.087767068516966,
      "45": 0.006444954605591269,
      "46": 0.0000843396458746949,
      "47": 0.00022841987424396536,
      "3.5": 0.0008293398511011665,
      "3.6": 0.0032751895814673187
    },
    "chrome": {
      "4": 0,
      "5": 0.0019257552474722002,
      "6": 0.0005728067615656362,
      "7": 0,
      "8": 0.0006325473440602118,
      "9": 0.00005622643058312993,
      "10": 0.001437288131781259,
      "11": 0.03318765065169244,
      "12": 0.006068940351066587,
      "13": 0.0002881604567385409,
      "14": 0,
      "15": 0.0017254485885198,
      "16": 0,
      "17": 0.0004603539003993763,
      "18": 0.0051517467021792804,
      "19": 0.000028113215291564964,
      "20": 0,
      "21": 0.003995590723313671,
      "22": 0.007362148254478575,
      "23": 0.006353586655893683,
      "24": 0.001521627777655954,
      "25": 0.008419907979823707,
      "26": 0.007565969065342422,
      "27": 0.007070473645828589,
      "28": 0.009920450846010988,
      "29": 0.012882880907359647,
      "30": 0.018839368397259974,
      "31": 0.04243689848261732,
      "32": 0.024813426646717533,
      "33": 0.040609539488665594,
      "34": 0.08848634513020073,
      "35": 0.08826143940786821,
      "36": 0.03831128413858016,
      "37": 0.05892881340303161,
      "38": 0.08121556482541975,
      "39": 0.15820360490137042,
      "40": 0.08138775826908058,
      "41": 0.05983546459618459,
      "42": 0.24077563236460817,
      "43": 1.4869290416823397,
      "44": 5.015759565662068,
      "45": 4.33430928360218,
      "46": 5.8673721115779776,
      "47": 7.45839736118116,
      "48": 5.241072929616316,
      "49": 0.022743591170876057,
      "50": 0.006553893314846083,
      "51": 0.0012088682575372937
    },
    "safari": {
      "4": 0.0018941278802691898,
      "5": 0.08452238177409006,
      "6": 0.017057693378157043,
      "7": 0.09148040255875241,
      "8": 1.3152416358967527,
      "9": 1.587525154299382,
      "3.1": 0.00011596701307770549,
      "3.2": 0,
      "5.1": 0.23791862686060286,
      "6.1": 0.19911887560633174,
      "7.1": 0.2641236576642529,
      "9.1": 0.0014970287142758345
    },
    "opera": {
      "15": 0.001092901244459588,
      "16": 0,
      "17": 0,
      "18": 0.001092901244459588,
      "19": 0,
      "20": 0.0015532551448589646,
      "21": 0.00022841987424396536,
      "22": 0.0013213211187035534,
      "23": 0,
      "24": 0.00023193402615541097,
      "25": 0.0025583025915324117,
      "26": 0.0009207078007987526,
      "27": 0,
      "28": 0.006325473440602117,
      "29": 0.0028499772001823985,
      "30": 0.04077470462850354,
      "31": 0.05285284474814214,
      "32": 0.07341766173392192,
      "33": 0.062179403921118814,
      "34": 0.09778127693597441,
      "35": 0.06753145728225049,
      "36": 0.0004919812676023869,
      "10.0-10.1": 0.00008785379778614052,
      "11.5": 0,
      "12.1": 0.016674650819809473
    },
    "ios_saf": {
      "8": 0.12434123708268041,
      "3.2": 0.0035633500382058598,
      "4.0-4.1": 0.00011596701307770549,
      "4.2-4.3": 0.010929012444595881,
      "5.0-5.1": 0.1103443700193925,
      "6.0-6.1": 0.10074370699732307,
      "7.0-7.1": 1.158331238898794,
      "8.1-8.4": 5.1507451688845185,
      "9.0-9.2": 6.382012630705367,
      "9.3": 0.0021576892736276114
    },
    "op_mini": {
      "5.0-8.0": 0.010661936899326013
    },
    "android": {
      "3": 0.018407127712152162,
      "4": 0.13574114588341,
      "47": 0,
      "2.1": 0.00008785379778614052,
      "2.2": 0.00183790144968606,
      "2.3": 0.027431469820744514,
      "4.1": 0.3681390400911318,
      "4.2-4.3": 0.8716713250264405,
      "4.4": 0.5862167652597127,
      "4.4.3-4.4.4": 0
    },
    "bb": {
      "7": 0.004659765434576893,
      "10": 0.018811255181968408
    },
    "op_mob": {
      "12": 0.005759694982859373,
      "33": 0.005759694982859373,
      "12.1": 0.005759694982859373
    },
    "and_chr": {
      "47": 10.408763339017826
    },
    "and_ff": {
      "44": 0.18201901240523738
    },
    "ie_mob": {
      "10": 0,
      "11": 0
    },
    "and_uc": {
      "9.9": 0.004737076776628697
    }
  },
  "meta": {
    "start_date": "2015-03-02",
    "end_date": "2016-03-02"
  },
  "uid": "custom.98755661|undefined"
}
